a perfect circle,abba,ac/dc,adam green,aerosmith,afi,air,alanis morissette,alexisonfire,alicia keys,all that remains,amon amarth,amy macdonald,amy winehouse,anti-flag,aphex twin,apocalyptica,arcade fire,arch enemy,arctic monkeys,as i lay dying,atb,atreyu,audioslave,avril lavigne,babyshambles,bad religion,beastie boys,beatsteaks,beck,beirut,belle and sebastian,beyonce,billy talent,bjork,black eyed peas,black sabbath,blind guardian,blink-182,bloc party,bloodhound gang,blur,boards of canada,bob dylan,bob marley,bob marley & the wailers,breaking benjamin,bright eyes,bring me the horizon,britney spears,bruce springsteen,bullet for my valentine,caliban,cascada,cat power,children of bodom,chimaira,christina aguilera,clueso,cocorosie,coldplay,crystal castles,cypress hill,daft punk,damien rice,dark tranquillity,david bowie,david guetta,death cab for cutie,deep purple,deftones,deichkind,depeche mode,dido,die apokalyptischen reiter,die toten hosen,digitalism,dimmu borgir,dire straits,disturbed,dream theater,dredg,dropkick murphys,duffy,editors,eels,elliott smith,eluveitie,elvis presley,eminem,ensiferum,enter shikari,equilibrium,eric clapton,evanescence,faithless,fall out boy,farin urlaub,feist,finntroll,flogging molly,flyleaf,foo fighters,frank sinatra,franz ferdinand,funeral for a friend,genesis,gentleman,godsmack,goldfrapp,good charlotte,gorillaz,green day,groove coverage,guano apes,guns n roses,hammerfall,hans zimmer,hatebreed,heaven shall burn,him,hoobastank,hot chip,howard shore,in extremo,in flames,incubus,interpol,iron maiden,jack johnson,james blunt,james morrison,jamiroquai,jason mraz,jay-z,jimi hendrix,jimmy eat world,johnny cash,jose gonzalez,joy division,judas priest,justice,justin timberlake,kaiser chiefs,kanye west,kate nash,katie melua,katy perry,keane,kelly clarkson,killswitch engage,kings of convenience,kings of leon,korpiklaani,kreator,lacuna coil,lady gaga,led zeppelin,lenny kravitz,leona lewis,lily allen,limp bizkit,linkin park,lostprophets,machine head,madonna,mando diao,manowar,manu chao,maria mena,marilyn manson,massive attack,metallica,mgmt,michael jackson,mika,millencolin,misfits,moby,modest mouse,mogwai,morcheeba,motorhead,muse,my chemical romance,nada surf,nelly furtado,nickelback,nightwish,nine inch nails,nirvana,nofx,norah jones,nouvelle vague,oasis,oomph!,opeth,panic at the disco,papa roach,paramore,parkway drive,pearl jam,peter fox,pink,pink floyd,placebo,porcupine tree,portishead,queen,queens of the stone age,r.e.m.,radiohead,rage against the machine,rammstein,ramones,razorlight,red hot chili peppers,regina spektor,rihanna,rise against,rob zombie,robbie williams,schandmaul,scooter,seeed,seether,serj tankian,silverstein,simple plan,slayer,slipknot,snow patrol,soilwork,sonata arctica,sonic syndicate,staind,stars,stone sour,subway to sally,sufjan stevens,sum 41,system of a down,tegan and sara,tenacious d,the beatles,the chemical brothers,the clash,the cure,the decemberists,the doors,the fratellis,the fray,the hives,the killers,the kooks,the libertines,the national,the notwist,the offspring,the postal service,the prodigy,the pussycat dolls,the rolling stones,the shins,the smashing pumpkins,the smiths,the streets,the strokes,the subways,the ting tings,the used,the white stripes,the wombats,thievery corporation,three days grace,timbaland,tom waits,tool,tori amos,travis,trivium,u2,underoath,volbeat,yann tiersen
lily allen,judas priest,katie melua,david guetta,fall out boy,led zeppelin,atreyu,lostprophets,james morrison,heaven shall burn,katie melua,moby,opeth,finntroll,jay-z,kate nash,lily allen,good charlotte,kelly clarkson,elliott smith,led zeppelin,volbeat,jay-z,kreator,joy division,judas priest,beyonce,in extremo,abba,millencolin,foo fighters,pink,korpiklaani,dimmu borgir,korpiklaani,digitalism,kate nash,goldfrapp,kreator,slayer,parkway drive,in flames,flyleaf,oomph!,lily allen,oomph!,christina aguilera,pink,volbeat,nada surf,him,bruce springsteen,kaiser chiefs,morcheeba,frank sinatra,deftones,keane,led zeppelin,dimmu borgir,jimmy eat world,korpiklaani,katie melua,keane,eluveitie,nickelback,kings of convenience,iron maiden,kreator,dropkick murphys,joy division,finntroll,howard shore,the decemberists,guano apes,elliott smith,the decemberists,finntroll,funeral for a friend,die apokalyptischen reiter,beastie boys,justice,finntroll,kelly clarkson,mogwai,faithless,deep purple,evanescence,katy perry,dream theater,finntroll,mika,groove coverage,seether,mogwai,boards of canada,jose gonzalez,cat power,jamiroquai,ensiferum,lady gaga,editors,johnny cash,hot chip,hammerfall,seether,godsmack,justice,maria mena,jose gonzalez,metallica,deftones,beirut,cypress hill,guns n roses,hatebreed,millencolin,joy division,enter shikari,kaiser chiefs,kanye west,motorhead,feist,flyleaf,michael jackson,bloc party,babyshambles,manowar,hoobastank,maria mena,scooter,kings of convenience,hammerfall,flogging molly,lacuna coil,kings of leon,equilibrium,lacuna coil,christina aguilera,silverstein,genesis,kate nash,good charlotte,hatebreed,pink,manu chao,porcupine tree,funeral for a friend,jay-z,elliott smith,judas priest,led zeppelin,paramore,dark tranquillity,kate nash,lostprophets,kings of convenience,keane,jay-z,dire straits,jose gonzalez,lostprophets,thievery corporation,boards of canada,equilibrium,jason mraz,dropkick murphys,sonic syndicate,kings of convenience,duffy,pearl jam,cocorosie,blind guardian,belle and sebastian,kreator,dream theater,guns n roses,nickelback,kings of convenience,dark tranquillity,slipknot,finntroll,howard shore,kate nash,bring me the horizon,deep purple,simple plan,equilibrium,nine inch nails,beastie boys,britney spears,regina spektor,james morrison,nada surf,eminem,chimaira,frank sinatra,katy perry,dimmu borgir,the national,manu chao,genesis,lady gaga,judas priest,joy division,kelly clarkson,the ting tings,the ting tings,equilibrium,tegan and sara,rihanna,flyleaf,kreator,atb,kings of convenience,lady gaga,katie melua,lacuna coil,guano apes,dark tranquillity,beyonce,funeral for a friend,tegan and sara,cypress hill,mgmt,lacuna coil,manowar,maria mena,kings of convenience,johnny cash,mgmt,lily allen,lacuna coil,millencolin,kelly clarkson,kate nash,manowar,green day,keane,kings of convenience,soilwork,beyonce,beyonce,judas priest,mogwai,finntroll,eric clapton,jason mraz,flyleaf,good charlotte,scooter,chimaira,opeth,dimmu borgir,equilibrium,judas priest,duffy,groove coverage,hoobastank,dido,katie melua,the decemberists,joy division,david guetta,dido,david guetta,maria mena,hammerfall,groove coverage,manowar,guano apes,kanye west,lacuna coil,howard shore,hot chip,eels,sonata arctica,kelly clarkson,hot chip,flyleaf,my chemical romance,katie melua,kings of convenience,finntroll,daft punk,panic at the disco
manu chao,katy perry,joy division,guns n roses,faithless,lady gaga,hammerfall,led zeppelin,jay-z,jose gonzalez,katy perry,modest mouse,dimmu borgir,serj tankian,jimi hendrix,katie melua,lenny kravitz,green day,kings of convenience,howard shore,lenny kravitz,kate nash,jimi hendrix,lacuna coil,jamiroquai,die apokalyptischen reiter,parkway drive,james morrison,hot chip,eric clapton,frank sinatra,frank sinatra,kreator,faithless,kreator,die apokalyptischen reiter,katie melua,dido,katie melua,caliban,boards of canada,hot chip,the kooks,nightwish,beirut,paramore,madonna,heaven shall burn,kaiser chiefs,motorhead,hoobastank,editors,kate nash,mogwai,porcupine tree,massive attack,kelly clarkson,kreator,misfits,judas priest,kreator,katy perry,kelly clarkson,beirut,nightwish,kings of leon,jay-z,korpiklaani,the offspring,justice,eric clapton,arch enemy,kreator,groove coverage,eels,the national,millencolin,snow patrol,deichkind,digitalism,kaiser chiefs,parkway drive,keane,elliott smith,evanescence,papa roach,faithless,keane,nada surf,caliban,eminem,norah jones,goldfrapp,motorhead,bright eyes,judas priest,slayer,goldfrapp,eluveitie,lenny kravitz,nada surf,jose gonzalez,cypress hill,deep purple,beyonce,goldfrapp,volbeat,fall out boy,kate nash,farin urlaub,deep purple,motorhead,crystal castles,hatebreed,hot chip,mika,justice,rob zombie,kate nash,kate nash,eels,mogwai,foo fighters,maria mena,robbie williams,jay-z,the smiths,heaven shall burn,digitalism,godsmack,justice,guano apes,farin urlaub,kreator,korpiklaani,enter shikari,kreator,chimaira,cypress hill,gentleman,katie melua,led zeppelin,sonata arctica,parkway drive,manowar,elliott smith,franz ferdinand,jimi hendrix,slayer,justice,lady gaga,papa roach,chimaira,katie melua,madonna,kings of leon,killswitch engage,jose gonzalez,dimmu borgir,joy division,lenny kravitz,the decemberists,misfits,oomph!,jay-z,ramones,equilibrium,kings of leon,dream theater,godsmack,david bowie,finntroll,beirut,korpiklaani,nofx,hammerfall,nightwish,korpiklaani,the decemberists,die apokalyptischen reiter,sum 41,in flames,katie melua,crystal castles,nada surf,slayer,enter shikari,nofx,jay-z,tegan and sara,katie melua,jason mraz,finntroll,oomph!,soilwork,morcheeba,keane,dido,the libertines,dire straits,radiohead,kreator,mogwai,jimi hendrix,kate nash,howard shore,the subways,enter shikari,sufjan stevens,finntroll,cypress hill,lostprophets,lily allen,norah jones,lacuna coil,judas priest,the notwist,guns n roses,misfits,nouvelle vague,franz ferdinand,interpol,crystal castles,massive attack,the doors,elvis presley,madonna,digitalism,joy division,maria mena,leona lewis,black sabbath,feist,kings of convenience,katie melua,elliott smith,groove coverage,kelly clarkson,regina spektor,lenny kravitz,opeth,hot chip,johnny cash,nouvelle vague,funeral for a friend,equilibrium,jose gonzalez,flogging molly,green day,flyleaf,children of bodom,parkway drive,caliban,dream theater,equilibrium,madonna,guano apes,howard shore,the decemberists,volbeat,the clash,judas priest,porcupine tree,lacuna coil,leona lewis,elvis presley,hans zimmer,james morrison,michael jackson,groove coverage,katie melua,sonic syndicate,iron maiden,howard shore,mogwai,equilibrium,keane,nouvelle vague,flogging molly,nickelback,katy perry,killswitch engage,flogging molly,gentleman,ensiferum
deep purple,killswitch engage,hot chip,dark tranquillity,silverstein,kreator,rob zombie,lacuna coil,jimi hendrix,joy division,keane,feist,pearl jam,blind guardian,joy division,katy perry,kings of convenience,groove coverage,kings of leon,sonic syndicate,leona lewis,killswitch engage,jose gonzalez,lady gaga,interpol,volbeat,jay-z,jason mraz,elvis presley,equilibrium,rage against the machine,peter fox,led zeppelin,bob marley & the wailers,leona lewis,rob zombie,katy perry,depeche mode,joy division,scooter,eluveitie,heaven shall burn,frank sinatra,blind guardian,belle and sebastian,equilibrium,ramones,hatebreed,kanye west,mogwai,in extremo,beirut,katie melua,misfits,funeral for a friend,death cab for cutie,kings of convenience,kings of convenience,deep purple,volbeat,equilibrium,keane,kings of convenience,manowar,equilibrium,lady gaga,jimmy eat world,kings of convenience,dream theater,kaiser chiefs,equilibrium,deep purple,lady gaga,gorillaz,editors,arcade fire,misfits,gentleman,deftones,beirut,kanye west,faithless,katy perry,staind,equilibrium,funeral for a friend,pearl jam,kings of convenience,dire straits,staind,moby,nouvelle vague,good charlotte,dredg,cocorosie,volbeat,beirut,morcheeba,nightwish,leona lewis,nelly furtado,joy division,equilibrium,slipknot,rob zombie,the clash,kanye west,mgmt,katie melua,fall out boy,mogwai,deep purple,the decemberists,heaven shall burn,cocorosie,michael jackson,kate nash,eminem,katie melua,katie melua,norah jones,eric clapton,parkway drive,manowar,bright eyes,jamiroquai,aphex twin,hatebreed,mgmt,trivium,judas priest,groove coverage,r.e.m.,korpiklaani,kreator,eminem,korpiklaani,flyleaf,nightwish,good charlotte,katy perry,cascada,heaven shall burn,motorhead,machine head,caliban,motorhead,johnny cash,slipknot,volbeat,kings of convenience,funeral for a friend,manowar,keane,mando diao,led zeppelin,kings of convenience,justice,heaven shall burn,judas priest,lacuna coil,leona lewis,tom waits,elvis presley,jose gonzalez,hoobastank,the national,lady gaga,nightwish,gentleman,beyonce,fall out boy,crystal castles,killswitch engage,opeth,hatebreed,nouvelle vague,lacuna coil,cypress hill,iron maiden,lily allen,interpol,katy perry,cypress hill,david bowie,hoobastank,ensiferum,eluveitie,beck,stars,bring me the horizon,jay-z,equilibrium,eluveitie,cat power,flogging molly,kelly clarkson,tenacious d,keane,dimmu borgir,r.e.m.,korpiklaani,joy division,jamiroquai,jay-z,eluveitie,jay-z,ensiferum,stars,maria mena,crystal castles,manowar,regina spektor,cat power,killswitch engage,in flames,arcade fire,hans zimmer,cypress hill,beirut,frank sinatra,in extremo,cocorosie,maria mena,the national,maria mena,machine head,lacuna coil,judas priest,madonna,lady gaga,blind guardian,misfits,lady gaga,katy perry,eels,guano apes,kings of convenience,the shins,sonata arctica,nouvelle vague,the national,jimi hendrix,oasis,eluveitie,ensiferum,judas priest,finntroll,groove coverage,seeed,cat power,flogging molly,dido,dimmu borgir,parkway drive,manowar,guns n roses,in extremo,kings of convenience,judas priest,stars,volbeat,dark tranquillity,norah jones,dark tranquillity,eluveitie,heaven shall burn,hammerfall,dark tranquillity,pink floyd,david guetta,kreator,james morrison,in extremo,morcheeba,sonic syndicate,katy perry,beirut,finntroll,eric clapton,keane,katy perry,pink,crystal castles,papa roach
maria mena,kings of convenience,funeral for a friend,hammerfall,the notwist,kings of convenience,flyleaf,kreator,johnny cash,judas priest,kelly clarkson,mogwai,portishead,bad religion,kanye west,keane,keane,guano apes,lady gaga,equilibrium,manu chao,kings of convenience,joy division,leona lewis,hot chip,katy perry,black eyed peas,kate nash,belle and sebastian,ensiferum,funeral for a friend,funeral for a friend,lostprophets,aphex twin,lostprophets,schandmaul,keane,deftones,hot chip,robbie williams,bob marley & the wailers,hatebreed,funeral for a friend,dredg,beyonce,parkway drive,feist,hammerfall,katie melua,modest mouse,in flames,belle and sebastian,keane,millencolin,pink,david bowie,kings of leon,killswitch engage,slayer,kaiser chiefs,motorhead,kelly clarkson,kings of leon,the fray,enter shikari,led zeppelin,justice,killswitch engage,dimmu borgir,kanye west,ensiferum,porcupine tree,machine head,queens of the stone age,duffy,sufjan stevens,evanescence,simple plan,hammerfall,damien rice,kate nash,peter fox,katie melua,editors,enter shikari,parkway drive,finntroll,kings of leon,digitalism,bruce springsteen,modest mouse,oomph!,robbie williams,nada surf,beirut,keane,goldfrapp,parkway drive,dropkick murphys,lily allen,digitalism,judas priest,korpiklaani,david guetta,bob marley & the wailers,gorillaz,katie melua,modest mouse,katy perry,millencolin,morcheeba,james morrison,babyshambles,sufjan stevens,christina aguilera,massive attack,katie melua,silverstein,katy perry,katy perry,dire straits,equilibrium,paramore,madonna,bring me the horizon,beck,beirut,guns n roses,dido,lacuna coil,joy division,gorillaz,ramones,killswitch engage,lacuna coil,elvis presley,katie melua,funeral for a friend,finntroll,porcupine tree,keane,leona lewis,dark tranquillity,bob marley & the wailers,kreator,queen,flyleaf,jose gonzalez,soilwork,killswitch engage,kelly clarkson,genesis,lacuna coil,kings of convenience,manu chao,lenny kravitz,kreator,katie melua,slayer,justice,kreator,beastie boys,the shins,elliott smith,joy division,korpiklaani,soilwork,lenny kravitz,oomph!,portishead,belle and sebastian,staind,the pussycat dolls,volbeat,parkway drive,heaven shall burn,oasis,lady gaga,the fray,rihanna,fall out boy,jimmy eat world,keane,deep purple,norah jones,heaven shall burn,dream theater,the notwist,interpol,christina aguilera,arcade fire,kanye west,enter shikari,machine head,scooter,nofx,kings of convenience,deftones,boards of canada,massive attack,goldfrapp,kelly clarkson,beirut,james morrison,hoobastank,elvis presley,the streets,eluveitie,blink-182,michael jackson,millencolin,sonic syndicate,cat power,travis,kelly clarkson,hoobastank,parkway drive,hatebreed,crystal castles,beck,my chemical romance,howard shore,interpol,manowar,misfits,elliott smith,lily allen,lady gaga,justice,lily allen,kings of convenience,howard shore,faithless,led zeppelin,keane,massive attack,hammerfall,cat power,beck,finntroll,dido,madonna,jay-z,panic at the disco,all that remains,eluveitie,katy perry,beirut,guano apes,fall out boy,caliban,finntroll,machine head,volbeat,dimmu borgir,mika,hammerfall,in flames,death cab for cutie,james morrison,sonata arctica,keane,damien rice,oomph!,lily allen,mika,howard shore,hatebreed,mika,placebo,david bowie,sonata arctica,jamiroquai,incubus,motorhead,elliott smith,judas priest,the pussycat dolls,tegan and sara,equilibrium,kelly clarkson,jimmy eat world,peter fox,mika,parkway drive
david guetta,kings of leon,elliott smith,hatebreed,enter shikari,katy perry,equilibrium,korpiklaani,joy division,justice,kings of convenience,faithless,deep purple,korpiklaani,katie melua,kelly clarkson,justice,hammerfall,lenny kravitz,bring me the horizon,maria mena,korpiklaani,volbeat,lily allen,heaven shall burn,keane,jose gonzalez,katie melua,finntroll,eminem,genesis,genesis,machine head,deep purple,manowar,judas priest,kelly clarkson,katie melua,heaven shall burn,rob zombie,mogwai,hans zimmer,genesis,my chemical romance,leona lewis,r.e.m.,finntroll,guns n roses,katy perry,misfits,iron maiden,beyonce,kelly clarkson,machine head,godsmack,mika,lady gaga,volbeat,seether,katy perry,all that remains,kreator,korpiklaani,chimaira,ensiferum,lenny kravitz,volbeat,katie melua,slayer,kate nash,elvis presley,judas priest,millencolin,gentleman,misfits,nada surf,eric clapton,goldfrapp,scooter,keane,katy perry,eric clapton,kate nash,stars,ensiferum,james blunt,flogging molly,lady gaga,oomph!,bring me the horizon,elliott smith,deep purple,rihanna,nelly furtado,crystal castles,killswitch engage,beyonce,cocorosie,nofx,madonna,oomph!,justice,dimmu borgir,snow patrol,misfits,the chemical brothers,katy perry,equilibrium,keane,misfits,david bowie,misfits,cocorosie,stone sour,howard shore,manu chao,katy perry,editors,keane,keane,porcupine tree,ensiferum,funeral for a friend,machine head,portishead,beirut,david bowie,guano apes,mika,flyleaf,jose gonzalez,sonata arctica,evanescence,volbeat,lady gaga,oomph!,belle and sebastian,guano apes,flyleaf,green day,kelly clarkson,lostprophets,sonic syndicate,bring me the horizon,korpiklaani,eluveitie,nada surf,joy division,dropkick murphys,kings of convenience,keane,panic at the disco,eluveitie,kings of leon,maria mena,leona lewis,led zeppelin,kelly clarkson,die apokalyptischen reiter,volbeat,korpiklaani,tegan and sara,the smashing pumpkins,porcupine tree,kanye west,dimmu borgir,rob zombie,leona lewis,panic at the disco,queens of the stone age,elliott smith,sonic syndicate,dido,judas priest,queens of the stone age,hoobastank,oomph!,lenny kravitz,iron maiden,james blunt,faithless,joy division,kelly clarkson,nofx,nouvelle vague,hatebreed,dimmu borgir,the national,belle and sebastian,sonic syndicate,tegan and sara,katy perry,ensiferum,eels,parkway drive,feist,lady gaga,deep purple,bright eyes,die apokalyptischen reiter,good charlotte,katy perry,motorhead,interpol,groove coverage,sonic syndicate,the smiths,opeth,boards of canada,beyonce,misfits,kelly clarkson,beirut,arcade fire,keane,heaven shall burn,caliban,heaven shall burn,modest mouse,david bowie,nada surf,hoobastank,christina aguilera,machine head,kreator,eels,lenny kravitz,dido,katie melua,leona lewis,blur,motorhead,modest mouse,lenny kravitz,kings of convenience,duffy,hans zimmer,cascada,beirut,oomph!,mogwai,justin timberlake,the notwist,kreator,stars,elliott smith,keane,eluveitie,guns n roses,faithless,kreator,pearl jam,david bowie,korpiklaani,thievery corporation,millencolin,hatebreed,sum 41,stars,james blunt,beirut,killswitch engage,jason mraz,deep purple,cypress hill,duffy,in flames,dimmu borgir,misfits,good charlotte,dark tranquillity,all that remains,jay-z,the fray,dire straits,eels,the fray,beyonce,tenacious d,enter shikari,kings of convenience,jay-z,frank sinatra,cocorosie,eluveitie
david bowie,korpiklaani,duffy,cypress hill,eminem,katie melua,slayer,kings of leon,judas priest,volbeat,korpiklaani,morcheeba,ramones,ramones,keane,killswitch engage,jose gonzalez,hatebreed,leona lewis,arch enemy,massive attack,kreator,katie melua,madonna,hatebreed,deep purple,oomph!,katy perry,tom waits,morcheeba,queen,godsmack,manowar,dark tranquillity,chimaira,deep purple,kings of convenience,kate nash,goldfrapp,dark tranquillity,modest mouse,guns n roses,nightwish,manowar,kreator,editors,regina spektor,groove coverage,keane,millencolin,jose gonzalez,digitalism,kings of convenience,lenny kravitz,parkway drive,damien rice,led zeppelin,justice,judas priest,kelly clarkson,misfits,lacuna coil,kreator,the national,elvis presley,leona lewis,kanye west,volbeat,die apokalyptischen reiter,keane,eluveitie,genesis,dark tranquillity,genesis,moby,beyonce,ensiferum,good charlotte,daft punk,snow patrol,kings of convenience,pink,jose gonzalez,dropkick murphys,elvis presley,queen,flyleaf,led zeppelin,paramore,my chemical romance,eels,david guetta,groove coverage,nickelback,the shins,korpiklaani,godsmack,sufjan stevens,dream theater,mando diao,parkway drive,kate nash,lacuna coil,dark tranquillity,chimaira,groove coverage,kelly clarkson,enter shikari,kelly clarkson,eric clapton,dark tranquillity,silverstein,kreator,hot chip,interpol,lostprophets,keane,slayer,kelly clarkson,kelly clarkson,damien rice,staind,genesis,leona lewis,pearl jam,belle and sebastian,amon amarth,groove coverage,moby,bloodhound gang,johnny cash,goldfrapp,eric clapton,judas priest,led zeppelin,eels,volbeat,guns n roses,the clash,groove coverage,kings of convenience,manowar,motorhead,finntroll,killswitch engage,ramones,nickelback,judas priest,sonata arctica,kings of leon,katy perry,opeth,korpiklaani,led zeppelin,marilyn manson,lily allen,lenny kravitz,killswitch engage,hot chip,killswitch engage,kings of convenience,beirut,arcade fire,dire straits,kate nash,die apokalyptischen reiter,finntroll,lily allen,paramore,frank sinatra,goldfrapp,sonata arctica,the national,james blunt,rage against the machine,the national,faithless,leona lewis,chimaira,soilwork,eric clapton,judas priest,kings of convenience,hammerfall,cypress hill,guns n roses,serj tankian,elliott smith,hot chip,cypress hill,david bowie,keane,eluveitie,panic at the disco,opeth,norah jones,lenny kravitz,the chemical brothers,the decemberists,mika,gorillaz,kanye west,belle and sebastian,hot chip,good charlotte,aerosmith,joy division,papa roach,regina spektor,mika,mogwai,beyonce,beyonce,the decemberists,katy perry,hammerfall,oomph!,subway to sally,cocorosie,deep purple,nofx,heaven shall burn,stars,led zeppelin,beck,editors,lady gaga,depeche mode,keane,lenny kravitz,boards of canada,caliban,morcheeba,leona lewis,kings of leon,dropkick murphys,hatebreed,lady gaga,belle and sebastian,farin urlaub,blur,beck,iron maiden,atb,sonic syndicate,nofx,kelly clarkson,beyonce,hammerfall,equilibrium,lacuna coil,pink floyd,dark tranquillity,dark tranquillity,motorhead,dimmu borgir,heaven shall burn,subway to sally,beirut,iron maiden,belle and sebastian,kings of convenience,cocorosie,opeth,crystal castles,nickelback,iron maiden,motorhead,mogwai,godsmack,kings of convenience,heaven shall burn,jimi hendrix,iron maiden,digitalism,stone sour,jay-z,the national,eric clapton,ensiferum,lady gaga,in extremo,pearl jam,stars,pearl jam
mgmt,kreator,kelly clarkson,heaven shall burn,my chemical romance,justice,dimmu borgir,killswitch engage,volbeat,hans zimmer,lacuna coil,nada surf,dark tranquillity,judas priest,kelly clarkson,kings of convenience,jason mraz,hoobastank,lostprophets,lacuna coil,mgmt,led zeppelin,jason mraz,cocorosie,gentleman,kelly clarkson,nouvelle vague,howard shore,sonata arctica,eluveitie,godsmack,goldfrapp,manu chao,thievery corporation,children of bodom,death cab for cutie,lady gaga,portishead,genesis,dido,bruce springsteen,guano apes,godsmack,lady gaga,keane,regina spektor,lenny kravitz,goldfrapp,kelly clarkson,massive attack,heaven shall burn,mogwai,lacuna coil,led zeppelin,queen,misfits,lenny kravitz,judas priest,arch enemy,killswitch engage,hammerfall,lady gaga,lacuna coil,misfits,eluveitie,lily allen,katy perry,judas priest,millencolin,killswitch engage,duffy,elliott smith,damien rice,funeral for a friend,modest mouse,cocorosie,eminem,green day,seether,regina spektor,lacuna coil,eminem,jimi hendrix,dream theater,eluveitie,genesis,eric clapton,lenny kravitz,parkway drive,cat power,editors,david bowie,guano apes,digitalism,tom waits,kreator,gentleman,all that remains,disturbed,manu chao,porcupine tree,katie melua,beirut,soilwork,lostprophets,guns n roses,killswitch engage,ensiferum,kreator,equilibrium,damien rice,millencolin,the notwist,stars,cat power,lily allen,kelly clarkson,sonic syndicate,kings of convenience,kings of convenience,cypress hill,eluveitie,flogging molly,lenny kravitz,cat power,beyonce,joy division,gentleman,deftones,opeth,jimmy eat world,godsmack,equilibrium,joy division,lostprophets,duffy,jamiroquai,james blunt,christina aguilera,guano apes,kings of leon,soilwork,cypress hill,caliban,judas priest,lacuna coil,nine inch nails,killswitch engage,motorhead,kreator,katie melua,parkway drive,cypress hill,lenny kravitz,massive attack,mando diao,machine head,jason mraz,portishead,kings of convenience,judas priest,belle and sebastian,editors,digitalism,katie melua,rob zombie,arch enemy,lostprophets,parkway drive,finntroll,james morrison,soilwork,the decemberists,iron maiden,hot chip,guano apes,opeth,limp bizkit,children of bodom,deep purple,equilibrium,heaven shall burn,lady gaga,equilibrium,crystal castles,groove coverage,die apokalyptischen reiter,boards of canada,gentleman,dark tranquillity,thievery corporation,james blunt,editors,papa roach,oomph!,nouvelle vague,kanye west,kanye west,the clash,depeche mode,green day,joy division,porcupine tree,heaven shall burn,flyleaf,equilibrium,justice,paramore,parkway drive,equilibrium,my chemical romance,millencolin,parkway drive,elliott smith,katie melua,guano apes,beyonce,groove coverage,mogwai,norah jones,norah jones,hatebreed,sufjan stevens,kings of leon,the smiths,massive attack,korpiklaani,led zeppelin,kings of convenience,lady gaga,kelly clarkson,ramones,nada surf,lostprophets,lady gaga,mgmt,heaven shall burn,lily allen,beyonce,leona lewis,boards of canada,goldfrapp,in extremo,razorlight,alexisonfire,dropkick murphys,killswitch engage,sonata arctica,hans zimmer,enter shikari,britney spears,porcupine tree,beyonce,kreator,atb,misfits,hoobastank,iron maiden,the national,the pussycat dolls,beyonce,kreator,deftones,david guetta,lostprophets,norah jones,guns n roses,him,deftones,genesis,lenny kravitz,parkway drive,johnny cash,the fratellis,dido,dream theater,james morrison,oasis,equilibrium,eminem,led zeppelin,hot chip,porcupine tree,christina aguilera,jimmy eat world
damien rice,jose gonzalez,dredg,slipknot,nada surf,jay-z,bring me the horizon,volbeat,katie melua,killswitch engage,lady gaga,nelly furtado,jay-z,dark tranquillity,killswitch engage,kings of leon,james morrison,godsmack,madonna,dark tranquillity,moby,judas priest,keane,christina aguilera,genesis,killswitch engage,death cab for cutie,keane,all that remains,motorhead,porcupine tree,good charlotte,marilyn manson,cocorosie,killswitch engage,kreator,leona lewis,damien rice,beirut,die apokalyptischen reiter,moby,groove coverage,nickelback,lacuna coil,katy perry,rob zombie,faithless,godsmack,kings of leon,manu chao,judas priest,morcheeba,lady gaga,kreator,good charlotte,moby,leona lewis,joy division,rob zombie,korpiklaani,blind guardian,led zeppelin,lady gaga,motorhead,nofx,madonna,kelly clarkson,joy division,misfits,kings of convenience,the pussycat dolls,dire straits,sonic syndicate,ramones,mogwai,the shins,elvis presley,franz ferdinand,crystal castles,razorlight,lady gaga,elvis presley,jason mraz,stone sour,nickelback,crystal castles,parkway drive,leona lewis,deftones,funeral for a friend,duffy,panic at the disco,guns n roses,nine inch nails,digitalism,lacuna coil,frank sinatra,the decemberists,dimmu borgir,maria mena,deftones,keane,heaven shall burn,sonata arctica,lacuna coil,ramones,kings of convenience,mogwai,lady gaga,enter shikari,motorhead,mika,stars,staind,the shins,lady gaga,jose gonzalez,stars,lacuna coil,lady gaga,crystal castles,stars,gentleman,lady gaga,nouvelle vague,hot chip,thievery corporation,schandmaul,modest mouse,motorhead,jay-z,gentleman,ensiferum,jimi hendrix,machine head,dropkick murphys,james blunt,katie melua,chimaira,guns n roses,lady gaga,bright eyes,crystal castles,chimaira,iron maiden,bright eyes,nirvana,kings of convenience,disturbed,led zeppelin,kate nash,oomph!,judas priest,leona lewis,mgmt,manu chao,manowar,kings of convenience,nofx,korpiklaani,jimi hendrix,cat power,dimmu borgir,r.e.m.,james morrison,howard shore,manowar,madonna,deftones,ramones,jay-z,equilibrium,the chemical brothers,in extremo,regina spektor,iron maiden,panic at the disco,linkin park,heaven shall burn,sonata arctica,enter shikari,volbeat,leona lewis,manowar,parkway drive,goldfrapp,deep purple,editors,feist,simple plan,goldfrapp,kelly clarkson,dropkick murphys,dropkick murphys,beyonce,oasis,leona lewis,dark tranquillity,cat power,misfits,funeral for a friend,in extremo,hot chip,hatebreed,fall out boy,finntroll,the smashing pumpkins,dream theater,funeral for a friend,black eyed peas,dark tranquillity,misfits,bjork,belle and sebastian,kate nash,groove coverage,crystal castles,hoobastank,motorhead,porcupine tree,nouvelle vague,the clash,cat power,kings of convenience,arch enemy,mgmt,kelly clarkson,lenny kravitz,korpiklaani,kings of convenience,keane,silverstein,nelly furtado,madonna,led zeppelin,mika,serj tankian,katie melua,goldfrapp,faithless,madonna,the smiths,howard shore,kelly clarkson,atreyu,dream theater,lacuna coil,the streets,hatebreed,serj tankian,bring me the horizon,faithless,madonna,lacuna coil,killswitch engage,moby,green day,james blunt,belle and sebastian,howard shore,the fray,led zeppelin,regina spektor,james morrison,lenny kravitz,dire straits,james blunt,bob marley & the wailers,chimaira,porcupine tree,cypress hill,abba,heaven shall burn,jason mraz,depeche mode,sufjan stevens,iron maiden,the libertines,leona lewis,eluveitie,lenny kravitz,heaven shall burn,genesis,sufjan stevens,pink
cypress hill,lacuna coil,damien rice,soilwork,elliott smith,jason mraz,sonata arctica,justice,keane,kreator,led zeppelin,nofx,cypress hill,breaking benjamin,kings of convenience,korpiklaani,hot chip,soilwork,mando diao,rob zombie,bright eyes,manowar,kings of convenience,david bowie,faithless,korpiklaani,mika,killswitch engage,lacuna coil,nelly furtado,good charlotte,groove coverage,massive attack,the notwist,cascada,korpiklaani,lostprophets,james blunt,faithless,kreator,misfits,stone sour,good charlotte,kreator,james morrison,robbie williams,serj tankian,gentleman,korpiklaani,machine head,korpiklaani,the clash,joy division,kings of convenience,guano apes,crystal castles,lily allen,jose gonzalez,korpiklaani,kreator,slayer,lenny kravitz,leona lewis,led zeppelin,oomph!,mando diao,killswitch engage,jimi hendrix,subway to sally,jose gonzalez,the rolling stones,david bowie,soilwork,rise against,dire straits,modest mouse,eluveitie,groove coverage,silverstein,porcupine tree,lenny kravitz,eluveitie,jamiroquai,sufjan stevens,nightwish,panic at the disco,funeral for a friend,lily allen,deep purple,motorhead,mogwai,damien rice,regina spektor,nofx,editors,lady gaga,equilibrium,boards of canada,oomph!,massive attack,portishead,kings of convenience,scooter,sonic syndicate,kelly clarkson,hammerfall,korpiklaani,motorhead,led zeppelin,ensiferum,cypress hill,dream theater,beirut,interpol,james morrison,kreator,kings of convenience,regina spektor,joy division,lenny kravitz,cocorosie,editors,papa roach,lacuna coil,cocorosie,goldfrapp,goldfrapp,scooter,death cab for cutie,dimmu borgir,iron maiden,sonic syndicate,elvis presley,iron maiden,manowar,papa roach,black sabbath,katy perry,leona lewis,hammerfall,leona lewis,breaking benjamin,deep purple,cocorosie,howard shore,bob marley & the wailers,oomph!,kreator,misfits,machine head,kanye west,groove coverage,dire straits,lily allen,michael jackson,maria mena,volbeat,lacuna coil,tegan and sara,kreator,him,hot chip,nada surf,radiohead,katy perry,serj tankian,lacuna coil,mando diao,deep purple,rob zombie,katie melua,enter shikari,goldfrapp,heaven shall burn,dredg,the fratellis,eluveitie,lostprophets,regina spektor,ramones,ensiferum,katy perry,lily allen,ensiferum,pink floyd,godsmack,soilwork,bright eyes,elliott smith,robbie williams,the notwist,kreator,nofx,jay-z,nofx,eric clapton,manowar,katie melua,sufjan stevens,deftones,groove coverage,howard shore,hoobastank,hammerfall,eminem,korpiklaani,kanye west,parkway drive,paramore,ensiferum,nouvelle vague,die apokalyptischen reiter,oomph!,the fray,jose gonzalez,goldfrapp,the decemberists,stone sour,chimaira,britney spears,porcupine tree,the decemberists,tegan and sara,kate nash,mogwai,michael jackson,keane,leona lewis,kreator,kelly clarkson,katie melua,chimaira,elvis presley,manu chao,lenny kravitz,dire straits,hoobastank,bruce springsteen,the decemberists,evanescence,bob marley & the wailers,morcheeba,him,katie melua,hoobastank,dire straits,lady gaga,sonic syndicate,heaven shall burn,eluveitie,machine head,queens of the stone age,bjork,cypress hill,arch enemy,dido,schandmaul,him,crystal castles,hoobastank,black sabbath,jose gonzalez,cascada,dark tranquillity,madonna,dimmu borgir,judas priest,equilibrium,nightwish,frank sinatra,justice,dark tranquillity,jose gonzalez,hoobastank,nofx,dire straits,in flames,groove coverage,limp bizkit,nine inch nails,leona lewis,hatebreed,godsmack,damien rice,pink floyd
crystal castles,lostprophets,crystal castles,sonata arctica,editors,jamiroquai,deep purple,joy division,kelly clarkson,lacuna coil,kate nash,norah jones,crystal castles,dream theater,kreator,kanye west,goldfrapp,in flames,manu chao,dimmu borgir,motorhead,millencolin,lady gaga,mgmt,judas priest,dark tranquillity,david guetta,korpiklaani,aphex twin,nickelback,gorillaz,guano apes,kings of convenience,kreator,misfits,dark tranquillity,madonna,paramore,equilibrium,opeth,cat power,subway to sally,green day,katy perry,interpol,dimmu borgir,sufjan stevens,genesis,kreator,led zeppelin,kreator,nada surf,led zeppelin,katie melua,guns n roses,modest mouse,katy perry,johnny cash,finntroll,jay-z,finntroll,volbeat,lily allen,lacuna coil,opeth,massive attack,korpiklaani,interpol,david guetta,kings of leon,dire straits,tom waits,nickelback,schandmaul,morcheeba,beck,mogwai,robbie williams,cocorosie,kelly clarkson,machine head,r.e.m.,james morrison,dimmu borgir,duffy,kreator,gentleman,madonna,placebo,modest mouse,morcheeba,james morrison,razorlight,depeche mode,elliott smith,led zeppelin,the chemical brothers,beirut,die apokalyptischen reiter,mika,mika,kreator,britney spears,slayer,katie melua,hatebreed,kreator,eluveitie,lenny kravitz,motorhead,crystal castles,judas priest,caliban,james morrison,the smiths,korpiklaani,lady gaga,dark tranquillity,lady gaga,lily allen,sonic syndicate,dredg,good charlotte,kings of convenience,crystal castles,gentleman,faithless,flyleaf,lostprophets,parkway drive,hot chip,funeral for a friend,eluveitie,him,manu chao,paramore,goldfrapp,lady gaga,children of bodom,hans zimmer,lily allen,the smashing pumpkins,howard shore,cypress hill,heaven shall burn,kreator,equilibrium,lostprophets,dimmu borgir,manowar,kaiser chiefs,guano apes,jay-z,limp bizkit,mika,keane,massive attack,lady gaga,howard shore,lacuna coil,heaven shall burn,kreator,kings of convenience,faithless,kelly clarkson,rage against the machine,dark tranquillity,manu chao,jay-z,faithless,kreator,ensiferum,hot chip,hatebreed,cocorosie,the doors,elliott smith,kelly clarkson,jimi hendrix,sonic syndicate,madonna,korpiklaani,lostprophets,scooter,cat power,gentleman,sonata arctica,bring me the horizon,editors,korpiklaani,belle and sebastian,lacuna coil,kreator,dream theater,genesis,panic at the disco,maria mena,nouvelle vague,katie melua,deep purple,queen,hot chip,manowar,goldfrapp,editors,judas priest,kate nash,dimmu borgir,cat power,lady gaga,caliban,britney spears,nouvelle vague,the notwist,jason mraz,godsmack,misfits,iron maiden,cat power,godsmack,eric clapton,godsmack,kings of convenience,kaiser chiefs,aphex twin,mika,katie melua,lily allen,lady gaga,keane,joy division,misfits,norah jones,maria mena,leona lewis,modest mouse,seether,manowar,modest mouse,staind,lily allen,the notwist,heaven shall burn,david bowie,caliban,dimmu borgir,leona lewis,black sabbath,him,silverstein,bob marley & the wailers,equilibrium,kings of convenience,machine head,opeth,morcheeba,in extremo,james morrison,oomph!,hans zimmer,mika,machine head,caliban,godsmack,chimaira,oomph!,katie melua,michael jackson,bring me the horizon,flogging molly,crystal castles,manowar,volbeat,the clash,pearl jam,tenacious d,hoobastank,good charlotte,eluveitie,oomph!,madonna,funeral for a friend,goldfrapp,tegan and sara,dropkick murphys
